post,engagement,hashtagsI'm building a Python project using AI and Streamlit! Excited to share it with the world!,High,"#AI, #ArtificialIntelligence, #MachineLearning, #Python, #ProjectWork"
I'm building a Python project using AI and Streamlit! Excited to share it with the world!,High,"#AI, #ArtificialIntelligence, #MachineLearning, #Python, #ProjectWork"
I'm building a Python project using AI and Streamlit! Excited to share it with the world!,High,"#AI, #ArtificialIntelligence, #MachineLearning, #Python, #ProjectWork"
I'm building a Python project using AI and Streamlit! Excited to share it with the world!,High,"#AI, #ArtificialIntelligence, #MachineLearning, #Python, #ProjectWork"
I'm building a Python project using AI and Streamlit! Excited to share it with the world!,High,"#AI, #ArtificialIntelligence, #MachineLearning, #Python, #ProjectWork"
 i am persuing dimpola in artificial inteligence,High,"#LinkedIn, #Networking, #PersonalBrand"
 i am persuing dimpola in artificial inteligence,High,"#LinkedIn, #Networking, #PersonalBrand"
 i am persuing dimpola in artificial inteligence,High,"#LinkedIn, #Networking, #PersonalBrand"
 i am persuing dimpola in artificial inteligence,High,"#LinkedIn, #Networking, #PersonalBrand"
 i am persuing dimpola in artificial inteligence,High,"#LinkedIn, #Networking, #PersonalBrand"
 i am persuing dimpola in artificial inteligence,High,"#LinkedIn, #Networking, #PersonalBrand"
  i am good cookk,Medium,"#LinkedIn, #Networking, #PersonalBrand"
  i am good cookk,Medium,"#LinkedIn, #Networking, #PersonalBrand"
  i am good cookk,Medium,"#LinkedIn, #Networking, #PersonalBrand"
  hey my name is guru,Low,"#LinkedIn, #Networking, #PersonalBrand"
  hey my name is guru,Low,"#LinkedIn, #Networking, #PersonalBrand"
  hey my name is guru,Low,"#LinkedIn, #Networking, #PersonalBrand"
